Stock Symbol,Title,Description,Source,URL,Date
CBA.AX,CBA reduces fraud and speeds loans using AI,"By implementing AI, the bank has seen a 50% reduction in scam losses and a 30% decrease in customer-reported frauds.",Retail Banker International,https://www.retailbankerinternational.com/news/cba-fraud-speeds-ai/,2024-11-29
CBA.AX,"Commonwealth Bank Lifts Mortgage Lending, Posts Flat First-Quarter Cash Profit",Australia’s largest bank reported a flat first-quarter profit after increasing mortgage lending at a faster pace than the overall industry.,The Wall Street Journal,https://www.yahoo.com/news/m/5317701a-3a0f-37a0-b6d5-e4c5bede4edd/commonwealth-bank-lifts.html,2024-11-13
CBA.AX,LGT to acquire CBA personal advisory unit,"LGT will purchase Commonwealth Private advice, the personal advice division of Commonwealth Bank of Australia (CBA).",Private Banker International,https://www.privatebankerinternational.com/news/lgt-to-acquire-cba-personal-advisory-unit/,2024-11-12
CBA.AX,Iron Ore Futures Slump Below $100 a Ton on China Demand Concerns,"(Bloomberg) -- Iron ore sank below $100 a ton, hitting the lowest level in more than two weeks, as China’s efforts to support growth underwhelmed investors, and miners continued to ramp up operations.Most Read from BloombergThe Leaf Blowers Will",Bloomberg,https://au.finance.yahoo.com/news/iron-ore-futures-dip-below-053708167.html,2024-11-12
CBA.AX,LGT Crestone to buy CBA’s personal advice unit,"The deal will also add nearly 40 advisers, associates and support employees to LGT Crestone.",Private Banker International,https://www.privatebankerinternational.com/news/lgt-cbas-personal-advice/,2024-11-11
CBA.AX,Top 3 ASX Dividend Stocks To Boost Your Portfolio,"As the Australian market navigates a period of slight downturn, with the ASX200 down 0.4% and all sectors losing ground, investors are closely watching how economic factors like the Reserve Bank's decision to hold interest rates at 4.35%",Simply Wall St,https://au.finance.yahoo.com/news/top-3-asx-dividend-stocks-040628205.html,2024-11-05
CBA.AX,Commonwealth Bank of Australia offloads another 10% stake in VIB,This deal is set to enhance CBA's common Equity Tier 1 (CET1) capital ratio by around seven basis points.,Retail Banker International,https://www.retailbankerinternational.com/news/commonwealth-bank-of-australia-vib/,2024-10-30
CBA.AX,3 ASX Dividend Stocks To Consider For Your Portfolio,"The Australian stock market recently faced a downturn, with the ASX200 closing down 0.87% amid concerns over the Chinese economy's strength, as all sectors ended in negative territory. In such volatile times, dividend stocks can offer a",Simply Wall St.,https://au.finance.yahoo.com/news/3-asx-dividend-stocks-consider-190600537.html,2024-10-21
CBA.AX,Commonwealth Bank of Australia And 2 More Top ASX Dividend Stocks,"The Australian market has shown a positive trend, rising 1.1% over the last week and 18% over the past year, with earnings expected to grow by 12% annually. In this favorable environment, identifying strong dividend stocks like Commonwealth Bank",Simply Wall St.,https://au.finance.yahoo.com/news/commonwealth-bank-australia-2-more-190833331.html,2024-10-04
CBA.AX,Commonwealth Bank of Australia And 2 Other Solid ASX Dividend Stocks,"Over the last 7 days, the Australian market has risen 1.7%, contributing to a 12% increase over the past year, with earnings expected to grow by 12% annually in the coming years. In this favorable environment, identifying solid dividend stocks like",Simply Wall St.,https://au.finance.yahoo.com/news/commonwealth-bank-australia-2-other-190903085.html,2024-09-19
CBA.AX,Top ASX Dividend Stocks To Consider In September 2024,"In the last week, the Australian market has been flat, yet it has risen 11% over the past 12 months with earnings expected to grow by 12% per annum in the coming years. In this context, identifying strong dividend stocks can be crucial for investors looking to capitalize on ",Simply Wall St.,https://au.finance.yahoo.com/news/top-asx-dividend-stocks-consider-190528102.html,2024-09-03
CBA.AX,3 ASX Dividend Stocks Yielding Up To 6.9%,"The Australian market has shown resilience, with the ASX200 rising 1.3% to close above 7970 points, buoyed by a strong performance across all sectors and a notable rally on Wall Street. As investors navigate these dynamic conditions, dividend stocks",Simply Wall St.,https://au.finance.yahoo.com/news/3-asx-dividend-stocks-yielding-190738716.html,2024-08-19
CBA.AX,Commonwealth Bank of Australia (ASX:CBA) Has Announced That It Will Be Increasing Its Dividend To A$2.50,Commonwealth Bank of Australia ( ASX:CBA ) will increase its dividend from last year's comparable payment on the 27th.,Simply Wall St,https://au.finance.yahoo.com/news/commonwealth-bank-australia-asx-cba-201807763.html,2024-08-17
CBA.AX,Commonwealth Bank of Australia Full Year 2024 Earnings: In Line With Expectations,Commonwealth Bank of Australia ( ASX:CBA ) Full Year 2024 Results Key Financial Results Revenue: AU$26.1b (down 1.2..,Simply Wall St,https://au.finance.yahoo.com/news/commonwealth-bank-australia-full-2024-223207716.html,2024-08-15
CBA.AX,Top ASX Dividend Stocks To Watch In July 2024,"Over the last 7 days, the Australian market has remained flat, but it has risen 6.6% over the past 12 months with earnings forecast to grow by 13% annually. In this environment, identifying strong dividend stocks can be a prudent strategy for",Simply Wall St,https://au.finance.yahoo.com/news/top-asx-dividend-stocks-watch-190533558.html,2024-08-01
BHP.AX,The Critical Metal That Has Soared 300% in 2024,"Antimony, a vital mineral for military and tech industries, is facing a serious supply shortage, creating a lucrative investment opportunity.",Oilprice.com,https://au.finance.yahoo.com/news/critical-metal-soared-300-2024-000000323.html,2024-12-05
BHP.AX,BHP Stock Has A Strong Dividend. Here's How To Get It At A Discount.,BHP Group is a high-dividend payer that might be of interest to income investors. BHP stock currently pays a 5.5% yearly dividend and has strong support around the 50 level. One way to take ownership of a stock for less than the current price is via,Investor's Business Daily,https://www.yahoo.com/news/m/fdeb3c2d-66f9-384c-9b6a-83ec78418550/bhp-stock-has-a-strong.html,2024-12-04
BHP.AX,"Trending tickers: Amazon, Disney, ASML, Adani Green Energy and Anglo American",The latest investor updates on stocks that are trending on Friday.,Yahoo Finance UK,https://au.finance.yahoo.com/news/amazon-disney-asml-adani-green-energy-anglo-american-trending-tickers-122130986.html,2024-11-29
BHP.AX,Trump's Nightmare: The Critical Resource Biden Couldn't Secure,Western governments are on edge due to the sudden scarcity of a little-known metal that is critical to both national security and electronics - but one junior miner is now looking to solve that problem,Oilprice.com,https://au.finance.yahoo.com/news/trumps-nightmare-critical-biden-couldnt-000000738.html,2024-11-27
BHP.AX,BHP Group (ASX:BHP) shareholders have endured a 11% loss from investing in the stock a year ago,Passive investing in an index fund is a good way to ensure your own returns roughly match the overall market. But if...,Simply Wall St.,https://au.finance.yahoo.com/news/bhp-group-asx-bhp-shareholders-203324573.html,2024-11-22
BHP.AX,America’s Shortage Of This Metal Keeps Trump Awake At Night,"The U.S. military is facing a major shortage of antimony, a little-known metal that is critical not just to U.S. national security, but its broader economy.",Oilprice.com,https://au.finance.yahoo.com/news/america-shortage-metal-keeps-trump-230000232.html,2024-11-19
BHP.AX,Taxes: does Australia’s mining sector pay its way?,"Australia’s miners’ relationship with the tax system is a chequered one to say the least, but in recent months frustrations have boiled over, with one think tank accusing the industry of paying “nowhere near enough”.",Mining Technology,https://www.mining-technology.com/features/taxes-does-australias-mining-sector-pay-its-way/,2024-11-18
BHP.AX,BHP Warns Australian Mining Not Ready for Low-Cost Competitors,(Bloomberg) -- BHP Group’s Australia chief said the nation can’t rely on its traditional mining export markets and is unprepared for a new era of lower-cost competitors.Most Read from BloombergSaudi Neom Gets $3 Billion Loan,Bloomberg,https://au.finance.yahoo.com/news/bhp-warns-australian-mining-not-024734951.html,2024-11-18
BHP.AX,"Brazilian court clears Vale, BHP and Samarco of criminal charges for 2015 dam collapse",The federal court ruled that there was insufficient evidence to establish direct criminal responsibility.,Mining Technology,https://www.mining-technology.com/news/brazilian-court-clears-vale-bhp/,2024-11-15
BHP.AX,"Soaring Demand for Copper Will Help Drive Mergers, BHP CEO Says","(Bloomberg) -- Soaring demand for copper will require $250 billion of investment over the next decade, helping to drive further mergers in the industry, BHP Group Ltd. Chief Executive Officer Mike Henry said. Most Read from BloombergUnder",Bloomberg,https://au.finance.yahoo.com/news/soaring-demand-copper-help-drive-224354825.html,2024-11-15
BHP.AX,"BHP set to detail copper growth plans on Chile roadshow, analysts say",,Reuters,https://ca.finance.yahoo.com/news/bhp-set-detail-copper-growth-064002854.html,2024-11-14
BHP.AX,"Anglo American Offloads $1.1 Billion Coal Stake, Proceeds With Restructuring","Anglo American (OTC:AAUKF) has agreed to sell its 33.3% stake in the Jellinbah Group to Zashvin for $1.1 billion. Per the plan laid out earlier this year, the company is focusing on copper, iron ore, and crop nutrients. The joint venture holds a 70%",Benzinga,https://finance.yahoo.com/news/anglo-american-offloads-1-1-105629277.html,2024-11-05
BHP.AX,BHP Backtracks Its Comments On Abandoning Anglo American Deal,"BHP (NYSE:BHP) has backtracked on remarks by its Chairman, Ken Mackenzie, about ""moving on ""from its failed $49 billion bid for Anglo American (OTCQX:AAUK",Benzinga,https://finance.yahoo.com/news/bhp-backtracks-comments-abandoning-anglo-122948027.html,2024-01-11
BHP.AX,BHP Group Limited's (ASX:BHP) Fundamentals Look Pretty Strong: Could The Market Be Wrong About The Stock?,"With its stock down 4.5% over the past month, it is easy to disregard BHP Group (ASX:BHP). However, stock prices are",Simply Wall St.,https://au.finance.yahoo.com/news/bhp-group-limiteds-asx-bhp-024828319.html,2024-01-11
BHP.AX,Can Anglo's copper pivot help thwart renewed takeover bid?,JOHANNESBURG (Reuters) -The speed at which Anglo American shifts to becoming a copper-focused miner may well dictate its ultimate fate - survival as an,Reuters,https://au.finance.yahoo.com/news/anglos-copper-pivot-help-thwart-144022292.html,2024-10-25
BHP.AX,"BHP Challenges $47 Billion UK Lawsuit on Mariana Dam Collapse, Cites Ongoing Brazil Settlements","BHP faces a $47 billion lawsuit in the UK over the 2015 Mariana Dam disaster, involving 600,000 claimants",GuruFocus.com,https://au.finance.yahoo.com/news/bhp-challenges-47-billion-uk-193819259.html,2024-10-22
BHP.AX,"Vale Sets Samarco Dam Bill Estimate At $30B, BHP Faces UK's High Court",Brazillian mining company Vale (NYSE:VALE) has estimated the fines and compensation costs related to the 2015 Samarco dam collapse at $30 billion. After,Benzinga,https://finance.yahoo.com/news/vale-sets-samarco-dam-bill-114443771.html,2024-10-21
BHP.AX,"BHP Q1 Iron Ore Production Rises 2% Y/Y, Copper Increases 4%",BHP reports iron ore production of around 65 Mt in the first quarter of fiscal 2025. The miner expects production in fiscal 2025 to be between 255 Mt and 265.5 Mt.,Zacks,https://au.finance.yahoo.com/news/bhp-q1-iron-ore-production-162600531.html,2024-10-17
BHP.AX,"BHP iron ore output beats, copper production edges up on better grades at Escondida","(Reuters) -Global miner BHP beat first-quarter iron ore output estimates on Thursday, spurred by easing of bottlenecks at its Western Australia operations ami",Reuters,https://uk.finance.yahoo.com/news/bhp-first-quarter-iron-ore-212826452.html?guccounter=1&guce_referrer=aHR0cHM6Ly9hdS5maW5hbmNlLnlhaG9vLmNvbS9xdW90ZS9CSFAuQVgvbmV3cy8&guce_referrer_sig=AQAAALoxZXwPfnD7g1dQ6467f0yqb94t9QRB5uwxnC_Yx0GFVJBbEB9PfVT0foG-yRtEx6xfmHIH2IjGLTNAwqpcMkfvzWMcS_lmB5IGQt8igGDiPwxaZeNbGpzzDDHyABl-XbWXZlX4dmAB4l9M0xs3pLKkd6MLCdybaY36eeOxZ_QP,2024-10-17
BHP.AX,Is There An Opportunity With BHP Group Limited's (ASX:BHP) 24% Undervaluation?,"Key Insights Using the 2 Stage Free Cash Flow to Equity, BHP Group fair value estimate is AU$57.07 BHP Group's AU$43.43",Simply Wall St.,https://au.finance.yahoo.com/news/opportunity-bhp-group-limiteds-asx-201759300.html,2024-12-10
BHP.AX,BHP Group Limited (BHP): Short Seller Sentiment is Bullish on This Coal Stock,"We recently compiled a list of the 10 Best Coal Stocks To Buy Now According to Short Sellers. In this article, we are going to take a look at where BHP Group Limited (NYSE:BHP) stands against the other coal stocks. Coal is highly valued for",,https://au.finance.yahoo.com/news/bhp-group-limited-bhp-short-082616824.html,2024-09-28
BHP.AX,BHP to Test CAT's Groundbreaking Energy Transfer System at Its Mines,,Zacks,https://au.finance.yahoo.com/news/bhp-test-cats-groundbreaking-energy-165100748.html,2024-09-28
BHP.AX,Analysis-Mining industry struggles with valuation gap amid shift to copper,Leading mining companies are struggling to balance investor expectations for hefty returns with paying the necessary premiums to buy pure play copper companies as global demand for the metal sends valuations soaring. Big diversified miners,Reuters,https://uk.finance.yahoo.com/news/analysis-mining-industry-struggles-valuation-114109911.html?guccounter=1&guce_referrer=aHR0cHM6Ly9hdS5maW5hbmNlLnlhaG9vLmNvbS8&guce_referrer_sig=AQAAAJFtay_XPOtNnNykuHg3xfkFRDPAE1AD6y2XZEUKupXNpg7bGGmgSl7XW1b-htP1Sm4VKHqCpvjfyVUSqYIkbpeGvqIrSGb6c-ArIPt29onYvvb2ZdTivkupxPrbK-iq_IiKjeW7a2w9WI96-UnrwhD3gll8Zjj79KcVG0ogSy_1,2024-09-27
BHP.AX,BHP Group (BHP): Strategic Investments in Smelters and Potash Projects to Drive Future Growth,"We recently published a list of 7 Best ASX Stocks To Invest In Right Now. In this article, we are going to take a look at where BHP Group (NYSE:BHP) stands against other ASX stocks to invest in right now. Overview of the Australian Economy",Insider Monkey,https://au.finance.yahoo.com/news/bhp-group-bhp-strategic-investments-030024710.html,2024-09-20
BHP.AX,South Australia Begins Review Of BHP's Major Copper Expansion,,Benzings,https://finance.yahoo.com/news/south-australia-begins-review-bhps-113746837.html,2024-08-30
BHP.AX,Mining giant BHP reports $7.9bn net profit in FY24,"Revenue for BHP increased by 3% to reach $55.7bn (A$82.14bn) for the full year 2024 (FY24), up from $53.81bn in the preceding year.",Mining Technology,https://www.mining-technology.com/news/bhp-reports-profit-fy24/,2024-08-27
WOW.AX,Calculating The Fair Value Of Woolworths Group Limited (ASX:WOW),"Key Insights Using the 2 Stage Free Cash Flow to Equity, Woolworths Group fair value estimate is AU$31.50 Woolworths",Simply Wall St.,https://au.finance.yahoo.com/news/calculating-fair-value-woolworths-group-054619362.html,2024-11-19
WOW.AX,Woolworths Cuts Expectations for Australian Food Earnings,"Australian grocer Woolworths expects fiscal first-half earnings in its key Australian food division to be below previous expectations, as customers continue to be price",The Wall Street Journal,https://www.yahoo.com/news/m/de9a0edd-73e0-319b-968b-3d60e85d52a9/woolworths-cuts-expectations.html,2024-10-30
WOW.AX,Is Woolworths Group Limited's (ASX:WOW) Recent Performance Underpinned By Weak Financials?,"With its stock down 7.0% over the past month, it is easy to disregard Woolworths Group (ASX:WOW). We decided to study ...",Simply Wall St,https://au.finance.yahoo.com/news/woolworths-group-limiteds-asx-wow-052756067.html,2024-10-23
WOW.AX,"Woolworths Group (ASX:WOW) Faces ACCC Lawsuit Over Misleading Pricing Claims, Potential Impact on Valuation","Woolworths Group (ASX:WOW) is navigating a dynamic period marked by substantial eCommerce growth and increased customer loyalty, but also facing valuation",Simply Wall St.,https://au.finance.yahoo.com/news/woolworths-group-asx-wow-faces-045021166.html,2024-09-26
WOW.AX,"Australian competition regulator sues Woolworths, Coles over discount claims",Investing.com -- Australia's competition watchdog said it had initiated court proceedings against supermarket giants Woolworths Ltd (ASX:WOW) and Coles Group (OTC:CLEGF) Ltd (ASX:COL) over allegedly misleading,Investing.com,https://au.finance.yahoo.com/news/australian-competition-regulator-sues-woolworths-235317770.html,2024-09-23
WOW.AX,Some Investors May Be Willing To Look Past Woolworths Group's (ASX:WOW) Soft Earnings,Shareholders appeared unconcerned with Woolworths Group Limited's ( ASX:WOW ) lackluster earnings report last week. We,Simply Wall St.,https://au.finance.yahoo.com/news/investors-may-willing-look-past-002602320.html,2024-03-09
WOW.AX,Woolworths Group Full Year 2024 Earnings: EPS Beats Expectations,Woolworths Group ( ASX:WOW ) Full Year 2024 Results Key Financial Results Revenue: AU$67.9b (up 5.6% from FY 2023). Net,Simply Wall St.,https://au.finance.yahoo.com/news/woolworths-group-full-2024-earnings-231048031.html,2024-08-29
